StartRead,StartReadCount,StartDegree
TCATCACGTGGTGACGCAACAT,8,0
ATTCCTGGAAATACTGTTCT,6,0
AGAAGCGTACAAGGAGATGAGG,6,0
CATCTTACGAGGCAGCATTGGA,14,0
TAAGGTTGGTCCAATCCATAGG,8,0
GAGATCCCTGCGAAATGACAGT,7,0
TAAGGCACCCTTCTGAGTAGA,9,0
CGAAACTGGTGTCGACCGACA,26,0
TCCATCTTCCAGTGCAGTGTTG,31,0
TTTCATATGGTGGTTTAGATTT,33,0
AAGGTGCCATATCCAGGGACC,6,0
AAAGGTAATTGCAGTTTTTCCC,8,0
TTTTAGTGGAAGTGACGTGCTGT,8,0
GCTGGGATGAGCCTCGGTGGT,6,0
TTCGTGCCAAGCTGTGTGCAAC,15,0
TATTGGTGCGGTTCAATCAGA,15,0
TCTTTGGTATTCTAGCTGTAGA,115,0
GACGGACGGTTAAACGTTGGAC,30,0
TAAGTGAATTGTTTTGTGTAGA,6,0
TAATTTGGTGTTTCTTCGATC,6,0
TTCGAATGCTATTTTCACCAGAT,6,0
GTGAAGCGTTTGGGGGAAATC,26,0
CAGACCCCCTCTCCCCCTCTTT,17,0
AATGACACCACATATATGGCAGC,9,0
TAAAGTAAATATGCACCAAAA,8,0
TGGTGGGCACAGAATCTGGACT,6,0
CCCGATGAGCAGTTAGTCC,6,0
ATGAGCAACGCGAACAAATCC,20,0
TGAAGTCAGCAACTTGATTCCAGCAATTG,20,0
GGTTCGTACGTACACTGTTCA,19,0
CATACACACACACATACACAC,6,0
CTGGGTATACGCAGCTGCGTAA,12,0
CCTGTGCTTGCCTCTTCCATT,9,0
TACTGGACCCTGAATTGGAAAC,8,0
ATCTTCCAGTACAGTGGTGGA,6,0
ACTTAAACGTGGTTGTACTTGC,80,0
TCTCCCTTCATGTGCCCAGA,6,0
TGAGAACCACGTCTGCTCTGAG,8,0
GGAATGTTGTCTGGTTGGAGA,18,0
AGTGGGTGGGGGTCCAGTGTTTCACA,87,0
TGCTGACCCCTAGTCCAGTGC,49,0
GACAGTTTTAAATGATGTTACTTT,7,0
AGGTTGGGATCGGCCGCAATGCT,14,0
TCACAACCTCCTTGAGTGAGCGA,76,0
GAGCCTTTGGCGGCTGTGATAT,7,0
TACACGTGCTCGGATAACGCTCA,61,0
TTGTAGAGTCATACACCTCCA,7,0
GCAGAGCTGCAGATGGGATTC,7,0
CGTTCTTCACTGGCTAGCTTTA,15,0
AGACCATGGGTTCTCATTGT,8,0
CAAGGTGAATATAGCTGCCCATCG,8,0
AACCGTATGCGATCACATTGAC,7,0
AACATTCAACCTGTCGGTGAGTTT,7,0
TGACATGGGACTGCCTAAGCTA,6,0
TCTTAGTGGAAGTGACGTGCTGTG,26,0
GCGTGCATGGTGCCAAGCATA,19,0
GTTCTACGGTGTTGTGATATA,7,0
AGGTTGGGATTTGTCGCAATGCT,75,0
AATGGTTCTGACAGCATGACC,7,0
GATATTGGCGCGGTTCAATC,18,0
TGCTGCGCATGAAAGAGCGA,7,0
AAGGAGCTTACAATCTAGCTGGG,13,0
TATCGGAAGTTTGGGCTTCGTC,7,0
TCGGGGATCATCATGTCACGAGA,8,0
AGACCAGACCATGCACAGTGGG,8,0
CCACATCACTGGCTGGTCAGA,6,0
TGAGAACTGAATTCCATAGATGG,14,0
GGTGCTCACATGTCCTCCT,8,0
TTTAGGTCGAGCTTCATTGGA,6,0
GCCGGATAAATCCTGTGTGCAT,7,0
AGGAGGCCATAGTGGCAACTGT,8,0
TCTTGTCAATGTTTAGGGGCA,12,0
TAATGATTCATCAGACTCAGAT,8,0
GAACATCCTGCATAGTGCTGCC,17,0
ATCAAGGATCTTAAACTTTGCC,8,0
TGCACACTTGCGAGTCCGTGG,6,0
TATCTAGTTGGATGTCAAGACA,6,0
AGGGTTGATATGAGAACACAC,54,0
CAGCCCTTCTCCTATCCACAA,12,0
TGCGGGAAGCATTTGCACATG,6,0
AAGAAATCACTAATCTGCCTA,7,0
TGAGGTAGATTGATCAGCGAGCTT,6,0
AATGTGTAGCAAAAGACAGA,10,0
TGCGAGTCACCCCCGGGTGTTG,7,0
ATGGTGGCACGGAGTC,9,0
TGTGCGCAGGGAGACCTCTCCC,6,0
ACTGGGGGCTTTCGGGCTCTGCGT,8,0
CTCCGGGCCTGAAGAGGTTGAC,8,0
ACAGGGAACAAGCAGAGCATG,26,0
TCATCATTGTTGGTTGTCAG,7,0
TGTTTGCAGAGGAAACTGAGAC,16,0
AAATCTCATCCTAATCTGGTT,61,0
AAGCTTTTTGCTCGCGTTATGT,6,0
GCCTGTTTCATGCCCTGAGT,8,0
CTTGGCACTCGCGAACACCGCG,12,0
AGTTTTGCTGGTTTGCATTCAG,15,0
GGTCCAGAGGGGAGATAGGTTC,125,0
CAACCCTAGGAGGGGGTGCCATTC,7,0
TTGTACATGGTAGGCTTTCATT,18,0
TGCTAGGAATGGTGGCTGAGAT,7,0
AGTTTTGCAGGATTGCATCCGG,15,0
AAAGCGCTTCCCTTCAGAGTG,9,0
TAAGTGCGCGCATGTATATGCG,6,0
TAGGCAGTGTTGTTAGCTGATTG,8,0
AGTGGCACATGTTTGTTGTGAG,6,0
GTGGTTATCCCTGTCCTGTTCG,8,0
TAGTGCGCCGGTGACCTGATAG,8,0
AAACGAACAAAAAACTGATGG,6,0
CCTTCTCATCGATGGTCTAGA,6,0
AGCTGCCGAATCATCCATTCA,25,0
AGAGTTGAGATCGGGTCGTCTC,17,0
ACTGAACAATGAATGCAAC,10,0
GAAGTGTGCCGTGGTGTGTCT,8,0
TATCACAGCAATCACAATGAGAAGA,6,0
ATCAGTTTCTTGTTCGTTTCA,6,0
AACCAGCACCCCAACTTTGGAC,8,0
AAAGTGCTTTCTGTTTTTGGCG,19,0
TGGAAGGGGCATGCAGAGGAG,9,0
CCAGTTACCGCTTCCGCTACCGC,6,0
TGTTTGTTGTACTCGGTCTAGT,6,0
CATCGGAATCTGTTACTGTTTC,6,0
CGGTCGGCCGATCGCTCGGTC,49,0
GCGCTCACCTCGTGACCTTTGT,6,0
TCCCAGGTACAAGAACACAGC,6,0
GAGGGACTTTCAGGGGC,17,0
AGCGCCACCGGACGGGGATTTATG,12,0
AGGTGCATTGTAGTCGCATTG,21,0
CGATATGTGGTAATTTGGATGA,6,0
CAATTGGTATCCTTAGTCGTGG,20,0
GAGCTCCCTTCGATCCAATCC,30,0
CAGCTATTCAGGATCTTTCCCT,7,0
TTCTTGCATATGTTCTTTATC,6,0
TAGACCATTTGTGAGAAGGGA,6,0
CAACCCTAGGAGAGGGTGCCATTCA,8,0
CGGGCGCGCCGGAATCCGTGG,6,0
TCATGTCGTAATAGTAGTCAC,6,0
TACACACACACACACAAGTAAA,7,0
TGGTCTAGGATTGTTGGAGGAG,8,0
GTGGCTGCACTCACTTCCTTC,8,0
GTGTTGAAACAATCTCTACTG,14,0
GGCAAGTTGTTCTTGGCTACA,36,0
CATACAAGGATAATTTCTTTTT,8,0
CGATGTTGGCATGGCTCAATC,16,0
GTTGGTTAGTTGTGCATTTTC,6,0
TGTGAGTTGTTCCTCACCTGGA,6,0
GGCTGCAGCGTGATCGCCTGCT,8,0
ATGAATTTGGATCTAATTGAG,6,0
TTACATGTATTGGGTAGGAGCT,20,0
TGAGACCTCTGGGTTCTGAGCT,8,0
AGACCCTGGTCTGCACTCTATC,15,0
GCGGTGATCCCGATGGTGTGAGC,8,0
AGGCAGTGCATTGCTAGCTGG,7,0
CACTGGCTCCTTTCTGGGTAGA,6,0
TAATCTCATCTGGTAATTGAAGT,6,0
CTCCAGAGGGAAGTACTTTCT,10,0
CTTGGTACATCTTTGAGTGAG,8,0
AGGAGGCAGCGCTCTCAGGAC,8,0
CTGCAGTCACAGTGAAGTCTG,7,0
AGGGAGAGCAGGGCAGGGTTTC,6,0
GAGTGGGGCTTCGACCCTAACC,8,0
TAGCCATGGATGAATTGCCTG,13,0
GACCTGGACATGTTTGTGCCCAGT,8,0
ACCATCGATCGTTGACTGTACA,7,0
GGTAGATTATTGTCTCAGAGTAA,6,0
AGTGTCTCCTGATGATCGGGACAA,16,0
TAAAGCTAGACAACCGAACGT,7,0
TGAGCAAAGTTTCAAGTGTA,6,0
TAGCTTATCAGACTGATGTTGACT,7,0
GATCATGCTGTGACAGTTTCACT,18,0
AGCGGTCTGTTCAGGTGGATGA,16,0
GAGCCAGTTGGACAGGAGC,8,0
CTCCTGACTCCAGGTCCTGTGT,82,0
TATTTAGAATGGCACTGATGTGA,12,0
GGTCCAGAGGGGAGCTCGA,10,0
TTTTCTTCTACTTCTTGCACA,6,0
TACGCACGCACACACACAC,6,0
TTCCTGTCAGCCGTGGGTGCC,8,0
ACTGTTGCTAACATGCAACTC,8,0
CAGTTACGTTAGCACTTACCA,7,0
TGGATTTCTCTGTGAATCACTA,6,0
ACGGAGAGTCTTTGTCACTCAG,8,0
AGCCACTGACTAACGCACATTG,20,0
GGCATAATTCAAGATATTCGAT,7,0
TCACTGGGCTTTGTTTATCTCA,94,0
TGGTAGCAGTAGCGGTGGTAA,6,0
CCTCCAAAGGGAAGCGCTTTCTGTT,9,0
GGAGGCAAGATGTTGGCATAGCTG,6,0
TACCCTACGCTGCCGATTTACA,8,0
ACCCATGGGGCTCAGTTCTTCAG,22,0
TCTGGAGGCACATGGTTTGAA,8,0
ACTGTAGTATGGGCACTTCCAG,18,0
ACTGCATAATGAGCACTTAAA,7,0
TCACAGCCAAATTTGATGTCC,7,0
TTTCCTCTGGTCCTTCTCT,30,0
TTTCCAGGTGTTTTCAACGTGC,17,0
TAGCTTATCAGACTGGTGTTGGC,33,0
TTGAGAATGATGAATCATTAGG,8,0
GACTGACACCTCTTTGGGTGAA,6,0
TTTTTCCTCAAATTTATCCAA,6,0
ATGTGCCCATCTTCTCCACC,19,0
TACGCATTGAGTTTCGTTGCTT,7,0
TCACTCCTCTTCTTCTTGATG,6,0
GTGTCTGCTTCCTGTGGGA,8,0
GGGGGCCGATGCACTGTAAGAGA,41,0
TGAGTTGGCCATCTGAGTGAG,8,0
AATCCTTTGTCCCTGGGTGA,9,0
CTTCTTGTGCTCTAGGATTGT,8,0
GTAGCTTAGCGAGGTGTTGGTA,6,0
CTACAGCACGAAACTGCCTTAA,23,0
GAATGGAGGCTGGTCCAAGA,15,0
CAACTCTAACTTTAGCATCTTTC,18,0
TGACAATTTCCGAGTTAGGCCA,6,0
AGTGCCTGAGGGAGTAAGAGCCC,8,0
TGATCAAGTGGAAACTCAGCAAA,6,0
AATCGAGATGCTGACCGAGAT,6,0
GTGAGGACTGGGGAGGTGGAG,8,0
AAATTCTGTTGCAGCAGATAGC,26,0
ATATTACCATTAGCTCATCTTT,8,0
TCCCTGAGATCATAATATGCCT,6,0
ATCCGCGCTCTGACTCTCTGCC,6,0
TTTTGTGACCGACACTAACGGGTAAT,21,0
AAAGTAGCTGTACCATTTGC,8,0
CGGCTCTGGGTCTGTGGGGA,13,0
AGGACCTGCGGGACAAGATTCTT,10,0
CCCATAAAGTAGAAAGCACTAC,21,0
AGCAGCGTCGGGCTCGACCGC,6,0
TTAGATGACCATCAACAAACT,6,0
ATAGTTGTGTGTGGATGTGTGT,7,0
GCTGACTCCTAGTCCAGGGCTC,35,0
TAATACGTGATTGGTGTTCCCAG,20,0
GTCTTACCAGACATGGTTAGA,17,0
GATGAGGATAGGGAGGAGGAG,24,0
ACATAGCCTGATAGAGGTTACG,7,0
TGATATGTTTGGTTTATTGGTGA,6,0
TCCTGTGTTTCCTTTGATGCGTGG,6,0
TGGTGCGGAGAGGGCCCACAGTG,6,0
ACTCAAAACCCTTCAGTGACTT,8,0
GCATTGAGGGAGTCATGCAGG,25,0
AGTGGTTATCCCTGTCCTCTTCG,8,0
AGGTTGACATACGTTTCCC,8,0
GGTGGGCCGCAGTTCACCTACA,8,0
CTCACAGCTCTGGTCCTTGGAG,7,0
CACCCGGCTGTGTGCACATGTGC,6,0
TGTTCTTGACGTCTGGACCAC,6,0
TCACCGGGTGAAAACTTGCAAG,20,0
ACTGGACTTAGGGTCAGAAGGC,19,0
AGTTGTGTGTGCATGTTCATGTCT,8,0
TAAGCTCGTTTTAGTATCTTTCG,6,0
TCTCAAACTATGGGGGCA,29,0
TGTCTCTGCTGGGGTTTCT,8,0
TCCGAACGCTAGGTCGGTTCT,16,0
TGGTATCATGTTGCAAATGGC,7,0
CTGCAACGTGAAACTGTCTTAA,14,0
TGTGTCACTCGATGACCACTGT,8,0
TGGTAAGCTGCAGAACATGTGT,6,0
GATCATAGCCAGTGTCCAGGGA,8,0
CTCCTTCACCCGGGCGGTACC,7,0
CTTGGCACCTAGCAAGCACTCA,8,0
AAAGCACCTCCAGAGCTTGAAGC,10,0
GTTCCCTACAAGCACTTCACAA,16,0
TCCTCTTCTCCCTCCTCCCAG,6,0
CCGTGCTTCCTTACTTCCCAT,7,0
GTGACATATTTTACTACAAC,6,0
ACAAACACCTTGGATGTTCTT,7,0
TACCTGAAGCGGACATCTTGC,6,0
TCACGGTCCGAGCACATCCAA,16,0
TGCCCTTAAAGGTGAACCCAGT,6,0
CGCACCACTAGTCACCAGGTGT,8,0
TACGTCATCGTTGTCATCGTCA,8,0
GGCAGGTTGTTCTTGGCTAC,13,0
CTGAAAATGTTGCCTGAAG,7,0
TGGAATGTTGTGAATAGTGTC,7,0
ACTGCAGTATAAGCACTTCTGG,22,0
AAGTTGCCCGCGTGTTTTTCG,16,0
TTAAGTAGTGGTGCCGCTCTTA,93,0
TCTTCTCCAAATAGTTTAGGTT,6,0
TCTGACAATGTTGCACTACT,22,0
TTCTCGAGGAAAGAAGCACTTTC,9,0
TTCACCTGGTCCACTAGCCG,24,0
TAGGCTAGAGAGAGGTTGGGGA,8,0
ATTGGGGACATTTTGCATTCAT,9,0
GTCCCTCTCCAAATGTGTCTTG,8,0
TGACATGTCTTCTATTTTTAGTAA,12,0
TCTTCTGCGAGCGGTGCGAGC,6,0
TAAGAGGACGCAGGCATACAAG,7,0
CATACACGGCTCTCCTCTCTTC,8,0
CGCACCACTTTTCACTAGGTG,8,0
ATTCTAATTTCTCCACGTCTTT,8,0
TCCCCTCTTTAGCTTGGAGAAG,6,0
AATGTTCCTGCAGTGCAGTA,23,0
TACATAACCATGGAGTTGGCTGT,8,0
TAGTACCAGTACCTTGTGTTCA,8,0
GAGGTTTTCTGGGTTTCTGTTTC,16,0
TAAAGTCAATAATACCTTGAAG,6,0
ACTTGTATGCTAGCTCAGGTAG,8,0
TAATACTGTCAGGTAACGATGCC,7,0
TCCTTATTATATTGCTGTCAAGT,6,0
ATAAGACGAGCAAAAAGC,29,0
TGGAGAGCAGTTAACGTGCGTTC,6,0
CACCCTGTAGAATCGAATTTGT,7,0
TGGGGAGGGCGGTCAGCGCGCG,6,0
GGAGTTGTGGATGGACATCACGC,14,0
GGAAATGGATTAGAATCGTGGAAA,6,0
TAATGCCCTGAATGATGTTCAAT,6,0
CCAGCTTCCTTCCAGCCCTTG,8,0
GCCCTAGGGACTCAGTTCTGGT,7,0
GCTGCCTATACATGGGCTTTCC,8,0
ATCTCGGCTACAGAAAAATGTT,7,0
CATCCATCTTATCATTTATCAA,6,0
CGAATCATGATGTGCTGTCACT,15,0
CACTTGAGGATGTACCACCCA,8,0
ACAAAATCCGTCTTTGAAGA,6,0
GATCGTGCTGCGCAGTTTCACC,15,0
TGGAGGAGAAGGAAGGTGATG,7,0
TGAGGTAGTGACTCAAAAGGTT,7,0
ACTGCAATGCAAGCACTTCTTAC,10,0
TCGTCCTCCCCTTCTTCACCG,17,0
TGTGACAGATTGATAACTGAAA,24,0
TGAGTATTCTATCAGGAGTCGA,7,0
ATGACATCACATATATGGCAGC,9,0
AACCGCTCAGTGGCTCGGACC,16,0
AATGCACCCGGGCAAGGATTCT,9,0
TACGTCATCGTCGTCATCGTTA,6,0
ATTTCTAGTGGGTCGTATTCA,6,0
AAACTCTACTTGTCCTTCTGAGT,8,0
TCAATTCCGTAGTGCATTGCAG,6,0
TCGGTCGATCGGTCGGTCGGT,98,0
AGAAGCCTTTGTGGGAGAGGA,6,0
ACAGTAGAGGGAGGAATCGCAG,6,0
TACACCCCCCTGCCTTCCACCCT,7,0
ACTTTAACATGGAGGTGCTTTCT,8,0
GTGACCTCTACGGAACAATAGT,7,0
GCGAGGACCCCTCGGGGTCTGAC,8,0
TATGGAAGAAATTGTAGTATT,12,0
TATTGTTCTGTGGTTGGTTTCG,7,0
TGGTTAACTTACACCTGCCCCC,7,0
TACTCACATGGTTGCTAATCA,6,0
TCTACAAAGGAAAGCGCTTTCT,8,0
CTGTTGGTCTCTCTTTGTAA,26,0
CACACCTCACTAACACTAACT,20,0
AGTGTTTCCTACTTTATGGATG,7,0
CTCGCCGGACAATGAATGAGAA,14,0
AAACAAACATGGTGCACTTCTT,17,0
GAGCTCTCTTCAGTCCACTC,30,0
GCTGGGATTACAGGCATGAGCC,8,0
AACTGGCCCGCAAAGTCCCGCTTC,7,0
CATCTTACTAGACAGTGCTGGA,28,0
TCCTGTGGTGTTTGGTGTGGTT,8,0
TCGGACGGTCTGGTGCGCTTGAT,8,0
CAGCCACAACTACCCTGCCACT,8,0
CTATCCTGGAATGCAGCAATGA,7,0
TCCAACTTGAGGCCCGATTGA,6,0
GTAAGACGAACAAAAAGTTTT,7,0
TTAATGCTTAGCCTGTGTCCGA,12,0
CGACAGAAGAGAGTGAGCATA,25,0
GATTGTGCCCGGACCGTGGGCG,16,0
GCTACTTCGGCGGGACAAGAGC,6,0
GCTGACTCCTAGTCCAGTGCT,7,0
GTAACTTGTGTGGCTTCGAACTTACC,75,0
TAAGTGCTCTCTAGTTCGGTTG,26,0
CCAGCTGGGAAGAACCAGTGGC,8,0
AGGTCCCTGGATATGGCACC,6,0
CGTTTCACGTCGGGTTCACC,6,0
TACTGCAGACGTGGCAATCATG,6,0
CCAAGTCTTGGGGAGAGTTGAG,7,0
CACACACTGCAATTACTTTTGC,8,0
TCCGGGGCTGAGTTCTGTGCACC,7,0
AGGTTGCCTGTGAGGTGTTCA,8,0
GTGGTTCTGCGGGTGCCAAAAC,82,0
TATCTATTAAAGAGGCTAGC,7,0
ATAAAGCTAGGTTACCGGAGTTA,7,0
TATGTAACACGGTCCACTAACC,32,0
CGAGGTAAACATCGGCTTACTG,8,0
CTTGGGAGCCCTGTTAGACTC,6,0
TGTGTTCACAGTGGACCTTGAT,14,0
ACTCAAACTGTGTGACATTTTG,81,0
AAAGTGCTATCAAGTTGGGGTAG,18,0
GATCATGCATGACAGCCTCATT,18,0
AGTCAGGCTGCTGGCTATACACCA,8,0
TTGGGATCATTTTGCATCCATA,6,0
AAAGTGCTTCTCTTTGGTGGGT,9,0
TTTCACGGTTATGTTCGAAG,6,0
TAAGATCCGGACTACAACAAAG,6,0
ATGGTTCAAGAAAGCCCATGGAAA,16,0
CACGTGTTCTCCTTCTCCATC,19,0
TAAATCCCATGGTGCCTTCTCCT,8,0
TGAACCCTGATAAAGCTAGTGG,6,0
AGGGTAAGCTGAACCTCTGAT,8,0
GGGGGCCGATGCACTGTAAGA,32,0
ATTGGGAACATTTTGCATAAAT,17,0
GACGGAGGTTTGCTAAGGAA,6,0
AGTGACATCATATGTACGGCTGC,42,0
AGCCACTAACGACACTGCTCCT,7,0
TCCAATAGGTCGAGCATGTGC,6,0
AAAATGGTTCCCTTTAGAGTGT,9,0
CTTCATTATCATTTCAGATTGTA,6,0
TGCAGTTGCTGCCTCAAGCTT,16,0
CAAAGTTTAAGATCCTTGAAGT,8,0
AGATCATGTTGCAGCTTCACT,50,0
TCCCTGAGACCTTCGACTGTGT,7,0
GTTCTCCTCAAACCACTTCAGTT,16,0
CAGTGCAATGTTAAAAGGGC,48,0
CGGCTCTGATACCAATTGATG,6,0
TCTCATTATTCAAGTTTTTCTTA,6,0
AGTGGGCCTGTTTCCCTCACA,8,0
TGGCTCATTTAGAAGCAGCCA,8,0
ATTGAAACCTCTAAGAGTGGA,9,0
GTCTCGGTGCAAGGACTGGAGG,7,0
CGGTGCTGGTGGAGCAGTGAGCACG,8,0
CATGAAGGCACAGCCTGTTACC,7,0
TAAGGTGCATCTTGTGTAGTTA,15,0
CACTCCTCCCCTCCCGTCTTGT,9,0
TGGATGGTGTGCAGGGTCAAA,7,0
AGTATGTTCTTCCAGGACAGAAC,8,0
GGCTACAACACAGGACATGGGA,23,0
CTTAACCCACTTGTGAACAATG,14,0
CACAAGGTATTGGTATTACCT,8,0
TGGGGGGTTCACATTTTTAAGT,7,0
GAGACTGACAAGTTCCCGGGA,6,0
AAATGCGTCTAGTATCAAAAT,36,0
ATAAAAAGTGGTATGGTACAGT,7,0
TAGTCCGGTTTTGGATACGTG,6,0
TGAGCTGCTGTACCAAAAT,8,0
TTTGGCACTCCGCAGATAAGGCAA,6,0
GGCAGGTTCTCACCCTCTCTAGG,8,0
GATGGATATGTCTTCAAGGAC,6,0
TTCACTACTAGCAGAACTCGG,7,0
CAGCCTCGCTGGCAGGCAGCT,7,0
GGCAAGAAGTCGGCATAGCTG,6,0
CACTGTGTCCTTTCTGCGTAG,6,0
CATCTTACAAGGCAGTTTTGGA,14,0
TCATGGTCAGATCCGTCATCC,6,0
TGACACCTGCCACCCAGCCCAAG,8,0
AGGCAGCGGGGTGTAGTGGATA,6,0
TCAGTTCCAGGCCAACCAGGCT,8,0
TCTGTTGTTCCGTAGTGTTCTC,7,0
AAGCAGCGCGTCATGGTTTTC,7,0
TACCAACCTTTCATCGTTCCC,6,0
TCTTGCCTACTCCTCCCATT,12,0
AAGCTTTTTGCTCGAATTATGT,6,0
TGCGGGGCTAGGGCTAACAGCA,14,0
CGGTATTCCAGAGTTGATAATA,101,0
TCGAGGAGCTCACAGTCT,8,0
CTTCCGCCCGGCCGGGTGTCG,7,0
TCAAGGAACGGATTTTGTTAA,6,0
CATCTGGGCAACTGATTGAACT,8,0
AGCATTTTTCGAGGCATTTCAT,7,0
TGTGTTCTTGTACCTGGGAAG,6,0
TCTTCCCTACTCCTCCCATTCC,12,0
TCAATGAGTGGAGCTTTGATG,13,0
TGGGGGAGGGTGCCCTGGTTGA,7,0
AAAGGTGGAGGTGCGGTAACCT,17,0
AGGACTTAGCTGCCTTGTGAACA,6,0
GGGTACGTCTCCTTTGGCACA,16,0
CCTCTAAAGGGAAGCGCTTTCT,10,0
TACCTAATTTGTTGTCCATCAT,12,0
TCCGCTTCTAACTTCCATTTGCAG,6,0
AGCTTCTTTACAGTGCT,32,0
ACCTTATCCGTTGTAGCCAAAGT,6,0
AAAGTTCTGTGACACTCAGACT,23,0
AGGTCAGAGGTCGATCCTGG,9,0
TCTCTATATTCGTGTCTTTCAT,6,0
TGGAGAAGATACGCAAGAAAG,6,0
TGAGCCGCGCCAATATCACAT,6,0
TGATTGAGACGAGTCCATATC,6,0
CAAATCTTATTTGAGCACCTGT,8,0
AAGTGCTTCCTTTTAGAGGGTT,10,0
AGCTGTCTGAAAATGTCTT,8,0
TAAGTGCCTGCATGTATATGCG,12,0
GGGGGTCCCCGGTGCTCGGATC,15,0
GGAGTATTGTTTCCGCTGCCTGG,8,0
CCACAGCACTGCCTGGTCAGA,53,0
CACGTGTTCTACTACTCCAAC,26,0
AAGGAGCGATTTGGAGAAAATAAA,26,0
CGGGGAGAGAAATCGACGAGGCT,7,0
TACTCTGGAGAGTGACAATCATG,9,0
TCTGGTGTTGAGATAGTTGAC,6,0
TTACAGAGTCCATTGATTAAG,13,0
TAGGCAGTGTATTGCTAGCGGCTGT,8,0
CTACAAAGGGAAGCACTTTCTC,10,0
CCCACCGGGGGATGAATGTCA,6,0
CAACCTGGAGGACTCCATGCTG,25,0
GAACGCGCTTCCCTATAGAGGGT,10,0
ACTTTGAAGCTTTGATTTGAA,6,0
CGGGTGGATGACTCTGCAATTTT,14,0
ATCAACAGACATTAATTGGG,19,0
TCGAATCTTCAAGGTGAA,7,0
TACTCCAGAGGGCGTCACTCATG,9,0
AGGCTTGGTGCAGCTCGGGAA,25,0
GCAGCTTTCAGATGTGGCTGTAA,7,0
CGCTGTCCATTCTGAGCATTG,7,0
GAGCTTATTCATAAAAGTGCAG,14,0
TGCACCATGGTTGTCTGAGCATG,8,0
CAAGGGTCACCCTCTGACTCTGT,17,0
CAGTTTGTGAGTTTCTAGGCAT,7,0
AAGACATCAATTAAATCTGTGCT,7,0
AATGTGTAGCAAAAGACAGGAT,6,0
CCGGTTTTCGTTGAGATCTTA,7,0
GACCTGATGCTGCTGGTGTGCT,8,0
TATACATACACGCACACATAG,6,0
GTGAGTCTCTAAGAAAAGAGGA,8,0
CAAAGCGCTTCCCTTTGGAGC,9,0
GAGGTGAGCCGAGCCAATATC,57,0
ATGTATAAATGTATACACAC,14,0
CGGACGGTATATGGGTTAATATT,75,0
CAACGATTTTGATAATCTTCCTGGA,7,0
AGAAGGCACTATGAGATTTAGA,8,0
TGAGGCCTTTGGGGGAGAGTGG,13,0
CCCCTTACAATGTCGAGTAAA,12,0
TGTCTTACTCCCTCAGGCACAT,8,0
AATCATCAATTTGGTCTGTTATA,7,0
TTCAGGGTCAAGTTTGCATGC,6,0
TCAGGCTGTGTGGGATCCGG,6,0
TGACTGGCACCATTCTGGATAAT,6,0
GGGGTATTGTTTCCGCTGCCAGG,9,0
TTCTTGGACTGGCACTGGTGAGT,12,0
AAAATGCCAGTCATTGACGGA,20,0
TCGGCTTCTTTACAGTGCTGCCTTG,39,0
CAAAGTGCCTCCCTTTAGAGTG,9,0
GTAAGTGCCTGCATGTATATG,7,0
TGCCCACCCTTTACCCCGCTCC,7,0
AAAGTGCATCCTTTTAGAGGTT,10,0
TGTAACAGCCGCTCCATGTGGA,14,0
CACCACACGATCCACTAGGTC,8,0
TTGATTCCCAATCCAAGCAAG,6,0
GATGGTTGACCAGAGAGCACAC,8,0
ACGCACACCAGGCTGACTGCC,8,0
AATCCCTTATATTATGGGACGG,30,0
ATTGCTTCCCAGACGGTGAAGA,7,0
TTTGTACTACAATTAGGTACTGG,20,0
CACTTCAAACAGGAGCATTGA,18,0
GGGCGCAGTGGTTTATCGATC,18,0
GGTAAAGTGGCGGCTAGGTTA,6,0
TACCCGTAGCTCCTTGCCATGTT,20,0
ACAAAGTGCTTCCCTTTAGAGTGT,9,0
GAGTATTGTTTCCACTGCCTGG,8,0
AACGCCATCATCACACTAA,32,0
TTCTCCAAAAGGGAGCACTTTC,10,0
AAAACGGTGAGATTTTGTTTT,8,0
GTGACATCACATATACGGCAGC,10,0
TCCCACGTTGTGGCCCAGCAG,8,0
ATCGACCGTGTTATATTCGC,7,0
GCGGTGATGCCGATGGTGCGAGC,6,0
CTCAAGAAAGCCGTGGGAAAA,13,0
TGGTAAATATCTAGTGCAAGTC,6,0
ACTCCCTCACTAACGCCCCGCT,12,0
GTTGTATTCTGCCCGGTAGTCCG,7,0
ACTGCAGTGTGAGCACTTGAAG,15,0
TCCGAGCCTGGGTCTCCCTCTT,15,0
TGAGAAGATGCGGTCCGTTGGC,6,0
CCACAGGGTAGAACCACGGAC,22,0
AAACCTGTGTTGTTCAAGAGTC,8,0
ATCAACAAACATTTATTGTGTG,7,0
TGGAGTGTGACAATGGTGTTTGTGT,6,0
TAATGCCCTGTACGAGATTTGGT,6,0
TGCTCACTCATCTTTCTGTCAAA,6,0
CGGACTGCCGCAGAATAGCTT,7,0
CACAGCTCCCATCTCAGAACAA,7,0
TCAGGTCCTCGGTGGTTTAT,12,0
ATACACGTGCACGGATAACGCTCA,95,0
GAAGTTGTTCGTGGTGGATTCG,81,0
AGAGGCTGGCCGTGATGAATTC,29,0
TCTTTTCTTTGAGACTCACT,8,0
GAAGGCGCTTCCCTTTAGAGCG,10,0
TCCACAGGCTTTCTTGAACTG,16,0
TCACAGGATTTTTGAGTGTTGC,20,0
CGCTATCTATCCTGAGCTCC,16,0
CAGGTCGTCTTGCAGGGCTTCT,34,0
CCTGGAATTAAGTTGACTGTGTAGCC,85,0
CCTTAGAGTCGTAGGCCTCTG,7,0
TAAATGCATTATCTGGTATGAT,6,0
TGGGCGTATCTGTATGCTA,8,0
GACTGATGTACTGATAAGAAACTCAGT,12,0
TAGAATACTGAGGCCTAGCTGA,12,0
CACGCTCATGCACACACCCACA,14,0
GCTAGAGGTGGCAACTGCATA,16,0
GCACTGGAAGGTTTGGTTTAGCT,6,0
AACCAGGCCACCATTCCTCTCCG,7,0
AAGAATTGCGAATGGTCATCA,6,0
AGGTCAGAGGTCGATCCTGGGC,8,0
ATCATACAAGGACAATTTCTTT,9,0
AAGGGGATTGAGGAGATTGGG,18,0
AAGATAAGCGCCTTAGTTCTG,6,0
TTTCGTTGTCTGTTCGACCTT,6,0
TGGCTACAACACAGGACACGGGA,6,0
AGGCAAACCCGAGCTCCTCCTT,17,0
ACCCACCCTTCTCGACGGGGC,8,0
TCATTTTTGTGATCTGCAGCT,12,0
GTAAATGCTGCAGAATCGTACCG,7,0
TCAGTAACAAGGATTCATCCTG,14,0
GACACGGGCGACAGCTGCGGCCC,8,0
TGGAAACATTTCTGCACAAACT,6,0
CTAGTGAGGGACAGAACCAGGATTC,6,0
AACCTAGTGCCGGTGATGTGCT,8,0
TGACTAGAAAGTTCACTTACTGT,7,0
GCACTGAGATGGGAGTGGTGTA,7,0
ACTTGGGCACTGAAACAATGTCC,8,0
TACAGTAGTCTGCACATTGG,22,0
TGGTCGTATGTATGACGTCATT,8,0
AACAGAGCATGCCGTTGGTT,6,0
ATGCAAACATGACCCTGAATG,6,0
TAACTAAACATTGGTGTAGTA,6,0
AGGCAGTGTTGTTAGCTGGC,6,0
TGTCGTATGCGTGATGACACGTTC,9,0
GTGCTTTCTCCCGTTGTCACT,9,0
TAAATTTCACCTTTCTGAGAAGG,9,0
TCATTCACGGACAACACTTTTT,36,0
TCTCATTGCCAATGTCTTTTAA,6,0
AGGCAGATGTTGGCATAGC,40,0
GGCATGTCTTCCTTGGCTACT,15,0
TCACAACCTCCTTGAGTGAG,44,0
AAAGACATAGGATAGAGTCACCTC,8,0
AGCAAAAGCTAAGGAAAAGGAA,6,0
TTTCAAGCCAGGGGGCGTTTTTC,10,0
ACACTTACCTGTAGAGATTCTT,8,0
AGGGGGAAAGTTCTATAGTCC,8,0
TGCTGCTAGATGGTGAATC,6,0
AATCTACTGCATTATAAGCACTTAAAGT,23,0
ATCATAGAGGAACATCCACTT,32,0
TTCAGTGATGATTAGCTTCTGA,7,0
CCATGGATCTCCAGGTGGGT,25,0
CCACCGGGGGATGAATGTCAC,10,0
GGTAGATTTTCCTTCTATGGT,8,0
TGAGGTAATCATCGTTGTCACT,6,0
TCACAACCTCCATGAACGAGGGT,6,0
GAGGGACTTTTGGGGGCAGATGT,14,0
GAGTGCCTTCTTTTGGAGCGTT,10,0
TGGACGTGCAGGGGGATGTCTG,8,0
ATCCCTTGCAGGGGCTGTTGGGT,8,0
TCACTGGTTATCCTCTGTCGAA,6,0
GCTTTGGTAATCTAGCTTTATGA,17,0
GTGCATTGTAGTCGCATTGTC,86,0
AACTGTGTCTTTTCTGAATAGA,6,0
TTCACTGGAGTTTGTTTCAGT,6,0
CAGCCAAGGGTGATTTGCCGG,6,0
TTGAATTGAAGTGCTTGAATT,6,0
TTATGAATGCTGAGGATGTTG,19,0
TCAAAACTGAGGGGCATTTTCT,8,0
AAAACCTTCAGAAGGAAAGAA,7,0
CTGACCTATGAATTGACAGCCAG,7,0
TTCTGCTATGTTGCTGCTCAT,7,0
TGAGAGATGCCATTCTATGTAGA,6,0
TAAGTGAATACTCTGTGTTGA,6,0
TGATGTGTGTGTACATGTACAT,6,0
GGATGCCTTTGGGGGAGATTG,12,0
CATATACATACACACACCTACA,12,0
TATGCATTGTATTTTTAGGTCC,8,0
AATCACTAACCTCACTACCAGG,7,0
AGGTTGTCTGTGATGAGTTCG,36,0
GACATCATTATTTGACTGTCGAT,7,0
TATTCAGATTGGTGCCTGTCAT,6,0
GGGCTTCTCTTTCTTGGCAGG,16,0
TAAGGTGAATATAGCTGCCCATT,8,0
TGGTTGACCAGAGAGCACACG,8,0
CGCGCTACTCCGGCGCCAGGACT,7,0
TATTGGGAACATTTTGCATAA,17,0
TTCTCCAAAAGAAAGCACTTTCTG,10,0
TCTCACACAGAAATCGCACCCATCT,7,0
TCAGCAAACATTTATTGTGTGC,9,0
ACAGTCTGCTGAGGTTGGAGC,8,0
AGTGTGGCTTTCTTAGAGC,8,0
GTTGTGTCAGTTTATCAAAC,8,0
AAAAGCTGGGTTGAGAGGGT,8,0
GATGGAAGGACGGGAAGTGGA,7,0
CACAGTCGATGATCATAGGGTT,7,0
CAGGTCACGTCTCTGCAGTTACAC,9,0
AGGCAGTGCAGTTAGTTGATTAC,7,0
ACACACTTACCCGTAGAGATTCTA,6,0
CTGGGATCTCCGGGGTCTTGGTT,8,0
TCGGCCTCGTGGATGGACCAG,18,0
CCGTATCCTATCAAGTGTGACG,8,0
TCGAGATCTCTACGAGATTACAG,7,0
ATGCTGACATATTTACTAGAGG,8,0
ACAATGGTAGTACGGCCATTT,6,0
TCGTGCCAGGAGTGCGTTTGC,7,0
CGGGTTGGGTTCTCGGGAGCT,14,0
AGGCACCAGCCAGGCATTGCTCAGC,8,0
AAGCCCAGGATGGATAGCGCC,6,0
ACCCGTCCCGTTCGTCCCCGGA,8,0
ATTCCTGAAGAGAGGCAGAAAA,7,0
CGGGGATCGGACTAGCCTTAGA,8,0
ATCGGGTTTCCGCTGTACTTGCA,8,0
CTTGGGGTGAAGGGAGCTCCT,13,0
CGGGACTTTGGGGGCGAGATG,14,0
TCACAGTCAACTGTTGGCACGG,61,0
CCTCCCACACCCAAGGCTTGCA,18,0
AATATTATACAGTCAACCTCT,8,0
TCTAAGTCTTCTATTGATGTT,7,0
TGGCACAATACCTGTATGTAGA,6,0
ATACGGCGCTGCACGGTTGGA,6,0
CAGGCTATCAGCTGGTATACAG,7,0
TATGAGAGTATTATAAGTCAC,26,0
TATACATACACACATACCCATA,19,0
CGAATATCAGTTGGGGTATTTACA,6,0
TCGAGGAGCACGTGTTATTCTA,17,0
TTAGCCGCTGAAATAGATGGA,7,0
TCAGACAGTTTGGTGCGCTAGTTG,8,0
TAAACTAATCACGGAAATGCA,19,0
ACCTAGTAATTGTGCGGTGTT,8,0
TTCTTCGTGAATATCTGGCAT,7,0
TCAGTCTTCAATTCCTCCCAGC,7,0
ATGGTAATGGTTCTCTTGCTGCT,16,0
GCGACCCATACTTGGTTTCAG,16,0
AAAGGATTCTGCTGTCGGTCCCACT,6,0
GAATGTAGTGAATTTGTTCCA,19,0
TGGCAATAAGGCAATCGTTGC,6,0
TCTTGTGTTCTCTAGATCAGT,8,0
GGCTGGTCCGAAGGCGGT,7,0
TTGCTTGGTGCTGGTCGGGAA,6,0
ACAAGCTTGTGTCTATAGGTAT,43,0
CTCAAGATGGAAGCAGTTTCTG,10,0
GGGGCTGGGGCCGGGACAGAGC,8,0
TCATTGCAAAACTGTATACGA,7,0
TCTGATCGTTCACCTCCATACA,8,0
TAACAGTCTACAGTCATGGCT,34,0
TGGAATGTCGAGAAATATGCAT,7,0
GTTGCTTGGGGTTATTACTA,6,0
TCGATGCATGGTCCCCCCTTAGT,8,0
CAAAACTGGCAATTACTTTTGC,8,0
AGTCAGCATTGGTGGTTT,6,0
GCTCTCCCTCAGGGCTTCCA,13,0
AGAGGGGGAGTGTGTGGTCTGT,17,0
TTCACTGGAGTTTGTTTCAATA,8,0
CGTGGGCCTGACGTGGAGCTGG,8,0
TGAGGTATCTTAGTTAGACAGA,6,0
TACTGCCCTAAATGCCCCTTCT,6,0
CTCAGACAGAGATACCTTCTCT,7,0
TGGCTGAGTCGAAGGTTGTGC,9,0
GAGCTTTCTTTAGTCCACTCA,6,0
ACTGCAATGTCTGCACTTCAAGT,15,0
CAAAGAGGAAGGTCCCATTAC,8,0
AACATCCTGGTCCTGTGGAGA,7,0
GCAGCAGGGTGAAACTGACACA,16,0
AAGTTCTGTTATACACTCAGGC,36,0
CAAGAACATCAAACTACCTGAT,21,0
TGACACTCGATAGGATACGGGG,8,0
TGTGTGCATGTGCTTGTGTGTA,6,0
GTGCAGCTCTCCTCTGGCATG,16,0
CAGCCACATCCGAAAGTTTTC,7,0
TGGAATGTCGTGAATTATGGTC,7,0
TTCGAGGCCTATTAAACCTCTG,26,0
TGGTGATAAGGGTGTAGCTCTG,25,0
TTTTTCATTATTGCTCCTGACC,71,0
GGCAGTCTCCTTTGGCTATCC,13,0
GTTCAAATCCAGATCTATAAC,8,0
CGATGTACGCCCTTTCGCAGT,6,0
TCGCGGTTTGTGCCAGATGACG,8,0
CCTATTCATGATTACTTGCACT,15,0
AGTCAGGCTAGTGGTTATACTCC,8,0
GATTGCACTAGTTAATTATC,6,0
CACCGGGTTAACATCTACAG,65,0
TAGGATGCCTGGAACTTGCCGGT,12,0
CTTATGCAAGATTCCCTTCTAC,17,0
TTATAAGCCATCTTACTAGTT,6,0
TCTCGGTTCGCGATCCACAAG,6,0
ACCTGTGAAGTTCAGTTCTTT,31,0
ACTGAATGTCAAGCATACTCTCA,6,0
CGTCTTACCTGTTCAATATTTAGA,100,0
AGCTGCTGGCCACTGCACAAGAT,84,0
GCTCGACTCATGGTTTGAACCA,18,0
AGGACTTAGCTCACTCTGTGAACA,15,0
ATTGGTTCAATTCTGGTGTTG,6,0
CTCGTTAACCGCCCTCCCGAGA,6,0
ATCCACTTGGAGAGCTCCCGCGGT,16,0
TTACAGTTGTTCAACCAGTTACT,8,0
TGGTGCGGAAAGGGCCCACAGT,8,0
GCATGACACCACACTGGGTAGA,6,0
TAGCACCATATAAATTCAGTGT,20,0
TTGAAATCTCTTCAACTTTCAGA,6,0
GTTCACAGCGGACCTTGAT,34,0
CGGGAACGTCGAGACTGGAGC,8,0
AAAAGTAATTGCGAGTTTTACC,8,0
GGCGGAGGGAAGTAGGTCCGTTGGT,8,0
GTGTCTTTTGCTCTGCAGTCA,10,0
GGTCACAGCTTAAACATTTCTAGG,12,0
CCTCTAGATGGAAGCACTGTCT,9,0
CCTGAACTAGGGGTCTGGAG,7,0
TGCTTGTTCACTGTGCGGCA,7,0
ATTACAGGAAACTGGGTGTAAGC,12,0
GATCAAAGTGGAGGCCCTCTCC,8,0
CGCACGTCGATTGCTCTCTAG,6,0
CGTGATCTCTTAGTGGCATCAC,7,0
CTGCCCTGGCCCGAGGGACCGA,12,0
GTCAACACTTGCTGGTTTCC,8,0
AGCGGGCACAGCTGTGAGAGCC,8,0
GTTGAGGCGAGTTGAAGACTTA,7,0
AAATCATGTACCCCCACAGAGG,8,0
CTGCCCTAAGTGCCCCTTCTGG,15,0
TGAAGAGCTATTCATGAGGT,6,0
CCGGAACCCAAAGACACGTGCCCG,6,0
TTATCCGGTATTGGAGTTGA,16,0
GTAGAGGAGATGGCGCAGGG,12,0
TGTGTATCGTGGTCGTCTACTGT,7,0
TCTTGCTTAAATGAGTATTCCA,6,0
AAGCAGCACATAAATACTGGAG,14,0
TGATGGTGATGCGCTTGTATC,7,0
GGAGTGACACTGAGAACACAAG,6,0
TGGGGAGCTGAGGCTCTGGGGGTG,6,0
TTTGTGCGTGGATCTGAGGCC,7,0
GTGCTCCCTTCAAACCAATAA,15,0
CTGTACCCTCTCTCTTCTTC,9,0
CTATGTAACATGGTCCACTAAC,8,0
ATATAATACAACCTGCTAAGTG,22,0
ATAATACATGGTTAACCTCTTT,8,0
TGCCTGGGTCTCTGGCCTGCGCGT,8,0
CTCTTGAGGGAAGCACTTTCTGT,10,0
TCTCTGGAGGGAAGCACTTTCTG,10,0
AGGCACGGTGTCAGCAGGC,8,0
AGGAATGTTCCTTCTTTGCC,8,0
TTAGATAGAGTGGGTGTGTGCTCT,7,0
ATCACAATACAATAAATCTGGA,16,0
AGGGCGGGTCGTGTGTCAGTGTA,75,0
ACATGCTTCCTTATATGCCCATA,14,0
AGATTGGGCATAGGTGACTGAA,7,0
GGGACCCGGGGAGAGATGTAAG,7,0
TGGACGGAAGTGTAATGAG,6,0
TGTGTGTGCGTACATGTACATG,6,0
GAAATCAAGCGTGGGTGAGACC,8,0
GTGGGCCGCTGTTCACCT,8,0
GGGGCTGGGGCCGGGGCCGAGC,8,0
TCTTTGGTCATCTGGCTTTGTGA,6,0
TATCATCGATCATGTGAGCTGT,6,0
ACTGTTGCTAATATGCAACTCT,38,0
TTTTGCACCTTTTGGAGTGAA,9,0
AACTGTTTGCAGAGGAAACTGA,16,0
ATTGGGACTTGTGCTGGGAC,6,0
TAAATGCATTTATCTGGCCAAG,6,0
TTCATTTGGTATAAACCGCGATT,8,0
TGCACTGAAGGCACACAGC,7,0
GTGAACGGGCGCCATCCCGAGG,6,0
GTGAGTCAGGGTGGGGCTGG,6,0
CCCCTCAGGCCACCAGAGCCCGG,7,0
ACACACAGTCACTATCTTCGA,8,0
TTTCCTCATATTCATTCAGGA,8,0
TGCGTCTCGGCCTCGTCCAGA,8,0
AAAGGCTAGGCTCACAACCAAA,7,0
TGAGATCACTATGAAAGCTGG,7,0
TGGAATGTAGTTGAGGTTAGTAA,6,0
TCTAGTAAGAGTGGCAGTCGA,8,0
TTGAGAGCAACAAGACATAAT,6,0
TGAGGTAGTTTGCAATGCTGTC,20,0
GCAGGTGCTCACTTGTCCTCCT,8,0
CTTTCGCCACACCTATCCTGAAAG,16,0
GGCTTGGGGCGATACCACCACT,12,0
GTCACAATCTATGGGGTCGTAGA,8,0
TCTGTCATTCTGTAGGCCAAT,28,0
AATTTAGTGTGTGCGATACT,23,0
CATGTTTGAATGGCCATGACA,6,0
TTCTCAAGAAGGTGCATGAAC,6,0
TTGCTGTGCACTACTTAGTAC,12,0
CTGGTTTCACATGGTGGCTTAGATT,42,0
AGGGGTGGTGTTGGGACAGCTCCGT,8,0
TCTCCGGGAATCCAATGCGCC,6,0
CCGTCCTGAGGTTGTTGAGCT,7,0
TACGAGCCACTTGAAACTGAA,6,0
AAATCTCTGCAGGCAAATGTGA,14,0
GCTTTAACATGGGGTTACCTGC,8,0
CAGTGCAATTAAAAGGGGGAA,7,0
TGAGTGTGTGTGTGTGAGTGTGT,14,0
ACATTCCCCGCAAACATGACATG,7,0
TGTGGATAGAGAAGGGTTAGT,6,0
TGCTTTTAACGCGGAGCTTTAGT,6,0
GCCACCTCTTTGGTTCTGTACA,8,0
AGAGGTTTTCTGGGTCTCTGTTTC,52,0
CTGAAGCGTTTGGGGGAAGG,6,0
AAATGCCAGTCGTTGCAGGAGT,40,0
CTAATAGTATCTACCACAATAAA,8,0
AGCGAGGTATAGAGTTCCTA,17,0
GAAAGACACCAAGCTGAGTAGA,6,0
TGGTCGACCAGCTGGAAAGT,9,0
AATTTGAAGCATGATGTCAAG,7,0
CACATGGCCGAAACAGAGAAGT,6,0
GGAGACTGATGAGTTCCCGGGA,6,0
AAGCAGGCATGTCTTCATTC,8,0
TGTGTTGAAAATCGTTTGCAC,103,0
TAAGTGCTTCTCTTTGGGGTAG,18,0
AGGAGAGAGTTAGCGCATTAGT,6,0
CCATTCAACTATCTGTCTTCTC,7,0
GGAAGCTGCCAGCATGATCCT,6,0
TAAGTGCTCCAATGTTTTAGTGG,7,0
TTGGTCCCCATCAACCAGCA,6,0
CCACTGCCCCAGGTGCTGCT,53,0
GTGAGCAAAGCTTCAAATGAG,6,0
CTACAGTATAGATGATGTACTC,7,0
TATGATGCAGATTCTTCA,6,0
TGGGTGGCAAACAAAGACGAC,6,0
TCTTCTCTGTTTTGGCCATGTG,6,0
CTGGCTGTGGAAGCTGGCGAA,6,0
TCTCCCTCCGTGTGCCCAGA,49,0
TACTTGGAAAGGCATCAGTTG,6,0
CAAAGCGCTTCTCTTTAGAGTGT,10,0
CTTCTTAAGTGCTGATAATGC,6,0
TACTCCATCCTCTCTGAGTAGA,6,0
GCAGGAACTTGTGAGTCTCCT,12,0
CTCGCCGGGGCTGCGTGCCGCCAT,9,0
AGGGAGGGATGGTTATGCAAG,7,0
TACCCTGTAGAACCGAATGTGTGTG,14,0
AGAGGTTATCCGTGTTATGTTC,8,0
TGAACTATTGCAGTAGCCTCCT,6,0
TTGGGGACGAGATGTTTTGTTG,24,0
TCAGTAACAAAGATTCATCCTT,8,0
ACTACTACATCATTGACGTTGAAC,12,0
TAAGAGGGGGGCCTGCACGCCGAG,8,0
GCAAGGACAGCAAAGGGGGGC,42,0
TAGCACCAGGGTATATCGGGAT,7,0
TCCCTCAAAGGCTTCCAACAA,12,0
TTTTTCCTACTCCGCCCATACC,7,0
TAAGGCTCCTTCCTGTGCTTGC,7,0
CATCATAGTCCAGTGTCCAGGG,8,0
GAGCTTGGATTGTGATCTCA,6,0
GATTTAGCCTCTCCTAGGCTTTGTCTGT,17,0
CGCCAATGGAGATTTGTCCGG,12,0
ACGGGTCAGGAGCTTGGGAGAC,14,0
GATCTTCCAGGGCTAGAGCTG,12,0
AGGTGCAGAGGCAGATGCAAC,9,0
AACTGTAGTCCGGGTCGATCTG,12,0
TACTCAGGAGAGTGGCAATCAC,9,0
AGGTATTGGCGTGCCTCAATC,24,0
TGTCATGGATATGCTCTTC,6,0
TCATTCGAAATTTTGCTCAAATCC,6,0
CAGCCAAGGAAGACTTGCCC,13,0
TAACTATTTTGAGAAGAAGTG,6,0
GATGAGCTCATTGTAATATGAG,8,0
AGGAGGAATTGGTGCTGGTCTT,8,0
AGCTAAACCGCAGTACTCTAGG,12,0
AACAGCAGTCGATGAGCTGTC,6,0
AGGAACTAGCCTTCTCTCTGCT,28,0
TGTCTTACCAGGCAAAGTTAGA,8,0
TGTGCAAATGCTTTCTACAGG,6,0
TATCTTTTGCGGGGGAATTTC,8,0
ACCCTATCAATATTGTCTCTGC,8,0
GTGCCTACTGAGCTGAAACACAGT,18,0
TTGAAATTTTTTCTATTTTCGGT,6,0
GCTAGGCAGTGCACAGCGATA,6,0
CTCATCTGCAAAGAAGTAAGTG,16,0
TGAGATCACTGCGAAAGCTGAT,7,0
TTGTACTGCACAAAAGTACTG,20,0
TACTATGAGAATCTCGCGGCC,7,0
TAGATAAAATATTGGTACCTG,8,0
TGGCACAATCTGCGTACGTAGA,6,0
CTGACTGTTGCCGTCCTCCAG,6,0
TCCCTGAGACCATTGACTGCAT,6,0
AAGCCCTTACCCCAAAAAG,32,0
TAATCCTACCAATAACTTCAGC,6,0
AGGTCCTCAATAAGTATTTGTT,8,0
TATGGAGGTCTCTGTCTGACT,8,0
CTTCTCCTGGCTCTCCTCCCTTT,9,0
AGTATTCTGTACCAGGGAAGGT,8,0
AAAGTGCATCCATTTTGTTTGT,8,0
TGGAAGACTGATGATTTGCTGA,7,0
CCTGGAAACACTGAGGTTGTG,6,0
GACTATAGAACTTTCCCCCTCA,8,0
TTAAAGGGAATTTGCGACTGTT,7,0
CAGAGAGATAACAGTCACATCT,6,0
GAGCTCCTATCATTCCAATGA,15,0
GTCCCTGAGTGTATGTGGTG,8,0
TAGAATGCTATTGTAATCCAG,26,0
TGAGCCTCTGTGGTAGCCCTCA,7,0
TGAATCACACAAAGGCAACTTTT,9,0
ATCATATCAGATTTGCATTATT,6,0
TTAGGGCCCTGGCTCCATCTCC,8,0
CCTCAAATGTGGAGCACTATTCT,38,0
AGCTGGTTGACATCGGGTCAGAT,87,0
TAAATGCACTATCGGATATGAC,6,0
AATGGCACTGGAAGAATTCAC,7,0
CTGTATGCCCTCACCGCTCA,6,0
TGATTGGAAATTTCGTTGACT,7,0
CGATGTTGGTGAGGTTCAATC,6,0
GCTACGGCCCGCGTCGGGACCTC,7,0
GTAAAGCTAAATTACCAAAGTGC,6,0
ATCTGGAGGTAAGAAGCACTTT,9,0
TTTCCTCTCTGCCCCATAGGGT,8,0
TACGGTTTCCTAGATTGTACAG,8,0
CGGCGTTAGCTCTGTGTCAAACC,6,0
AGTTTTGTGTGCATGTGCATGT,7,0
TGAAAACGTTGTCTATCTCGAA,6,0
TCCTGTAGAGTATGGGTGTGGTTT,8,0
AGAGGCTTATAGCTCTAAGCC,6,0
TCTTGTTAAAAAGCAGAGTCT,6,0
GAGGTGAGCAGGAGTTGCGCTT,17,0
TCGCACCTCGCCGTCTCTACTGC,8,0
TGCTGCCTGGTTAAGAGCTGTGT,7,0
ACTCCAGCCCCACAGCCTCAGC,8,0
CAGGGATGAGGCAGAGCATGG,24,0
CCCTATGGATTCAGTTCTGC,8,0
TGCAACTTACCTGAGTCATTGA,6,0
GTTTTTTTAGGTTTTGATTTT,7,0
TCCCTGCCTGGGTCACCAATTGT,6,0
ACATAGCCTATAAGAGGTTAGG,86,0
CCTGTCATTTCTATAGGCCAATA,23,0
TCAACTGATTCTAGTCATCCTTA,7,0
GTGCATTGCTGTTGCATTGC,8,0
GAAAGTGCTTCCTTTTAGAGGC,10,0
TATTGCACATTCACCGGCCTGA,75,0
GGGGAGCTGTGGAAGCAGTA,6,0
ATTAACGCTGGCGGTTGCGGCAGC,26,0
TATTTCACTACACCAGGGTT,22,0
TGAAAGACACAGGTAGTGGGAC,6,0
CTGCACTGCATCTTCCCTGTGC,6,0
CTCTCCCACCGCTAAACTTGAC,7,0
GGTCTTGTTTGGGTTTGTT,51,0
TAATTTTATGTATAAGCTAGT,14,0
CGACGAGGGCCGGTCGGTCGC,7,0
CAAGCTCGTGTCTATAGGTATG,14,0
AGTGGGGAACCCTTCCATGAGG,17,0
ATCGTGCCAAGCTTTGTGCTTT,6,0
TGCCAAAGGAGATTTGCTCAC,13,0
TTGGCCACAATGGGTTAGAAC,8,0
TTTTTGCGATGTGTTCCTAATA,17,0
AGTCATTGGAGGGTTTGAGCAG,8,0
TCTCAGGAGGACATCGCCACT,6,0
AATATAACACAGATGGCCTGT,36,0
GTTGGAAGCCTTCGTGGGAGA,6,0
CCCCCAGGTGTGATTCTGATTCGT,9,0
TTATGTCTTGTTGATCTCAAT,6,0
TACTGCTTTTCAGCTAAAGGA,96,0
TGTCTGCCCGCATGCCTGCCTCT,35,0
CTCCAGAGGGATGCACTTTCT,10,0
AGGTAGTCCCTGGTGCCCTAAGG,12,0
ATTGACTCTAGTAGGGAGTCC,6,0
AAATTATTGTACATCGGATGAG,6,0
CTATACAGTCTATTGCCTTCCT,21,0
AGCAGAAGCAGGGAGGTTCTCCCA,6,0
CAACGACATCAAACCACCTGAT,59,0
CCTTGGAGAAATATGCGTCAA,6,0
GCTGTTCAATTTTCTGCCTTTAA,7,0
GGCCTCATTAAATGTTTGTTG,19,0
ACGGTATCTCTCCTACGTAGC,27,0
TTTTAGAATTCCTACGCTTTACC,6,0
TCTAGGTATGGTCCCAGG,6,0
ATGCACCTGGGCAAGGATTCTG,9,0
GCTGGGACAGCAAAGGGAGGT,14,0
ATATAGGGATGGAAGCCATGCA,9,0
AATCCTTGCTATCTGGGTGCTTAGT,7,0
AAGCAGCTGCCTCTGAGGC,8,0
AAGTGCTGTCATAGCTGAGGTC,10,0
GCACATACTTCTTTATGTACCC,9,0
GGAATGACGTCCGGTCCGAAC,18,0
CGCGGAAAGGTGTGCACATCGTA,6,0
TGAGCTAAATGTGTGCTGGGA,8,0
TACGTAGTATAGTGCTTTTCAC,12,0
GGTTGTATTATCATTGTCCGAG,8,0
AGGTGTGGGATGTTGTGCAGTGTT,14,0
AGTCTGGTTGCTGGCTATATTCCA,7,0
AGTGGCGAACACAGAATCCATAC,8,0
TATTCAGGAAGGTGTTACTTAA,9,0
GATCATGTTGCAGCTTCAC,30,0
TAAGCTCGTGAACAACAGGCAGGA,20,0
GCTTATGGCTTCAAGCTTTCGG,6,0
TCTAGAGGAAGCACTTTCTGTTT,9,0
TGTGCTTGCTCGTCCCGCCCGCA,8,0
ATGAGTTGGGTCTAACCCATAACT,78,0
TTGCATAGTCACAAAAGTGA,78,0
ACCTCCAAAGTGATTGTGAAT,6,0
TGATGAATGATGACGATGTAT,6,0
TATGTACAAATGTTGCGCTGCC,6,0
TTGTACATGGTAGGCTTTC,6,0
TGTTCAGACTGGTGTCCATCA,6,0
GAGGAACTAGCCTTCTCTCAGCTT,80,0
CAGGCCGTACTGTGCTGCGGCA,15,0
ATCCTTGCTATCTGGGTGCTA,9,0
AGTTAATGAATCCTGGAAAGT,8,0
TCCAATATTGCTCGTGCTGCTGA,15,0
AATGACACGTTTTCTCCCGGATCG,7,0
CCAAGTGCTCAGATGCTTGTGGT,6,0
TAAGTCACTAGTGGTTCCGTT,42,0
ACGCCCTTCCCCCCCTTCTTCA,8,0
CACGTGGTCTCCTTCTCCAT,19,0
TCAAGTTCGCACTTCCTATACA,7,0
TAACACTTCATGGGTCCCGTAGT,8,0
AACTGAGATACATCGCAATCG,6,0
CAACAACAGTCGGTAGGCTGTC,7,0
TCTTCCAGTACAGTGTTGGA,12,0
TTTTGTTTGCTTGGGAATGCT,7,0
TGGCCCATGCACAGTATCTACG,7,0
TGCTGGTCAAACCGGTGGTGG,6,0
TCAGATCTAACTCTTCCAGTTCT,6,0
GCGTGTGCTTGCTGTGGG,7,0
TCACCGGGTAGACATTCATTA,7,0
TGGATTGATCCCAGCCAGGC,6,0
TGCAACGAACCTGAGCCACTGA,6,0
AGGGACGGGACGCGGTGCAGTG,8,0
GAGCTTTCTTCGGTCCAATA,9,0
CCTGGGCATGGGCTATGAAACA,8,0
TCACAGCCAAAACTGATGATCT,7,0
CCCTACAACGCTGCGCATATGC,40,0
CCGGACCAGGCTTCATCCCAG,6,0
TATGTCTGCTGACCATCACCTT,14,0
TACTCAGATTGATATGAGTCA,6,0
AAAAGTGCTGTTTGTGCAGGTA,14,0
ACGTATTCGTTGGAGCATTTT,6,0
TTGCTAGTTGCACTCCTCTCTGT,8,0
AACATCACTTTAAGTCTGTGCT,15,0
AATCAAAACCTAAAGAAAATA,7,0
TACTGGCCTCCAAATTTTCGCT,20,0
ATGTATGTGTGCATGTATGCATG,29,0
TTACAGTGCCCATTGATTAAG,26,0
AGAGGTATAGGGCATGGGAA,10,0
ATGATCCAGGAACCTGCCTCT,8,0
AACAGCAGTCGATGGGCTGTCT,7,0
TGTGGGTGGGACAGGGATGTT,7,0
AGGTTGCCCATGGTGTGTTCA,8,0
AGTGCCTGAGGGAGTAAGAG,8,0
AGGCTACAACACAGGACC,30,0
TCCATTACACTACCCTGCCTCT,6,0
ACACTGAAGGACCTAAACTAAC,6,0
CGTGGGACAGCATAGAATGCG,7,0
CTCAAAGCAGAGAACTCTCGGT,7,0
ATTGGGGATGCTTTGCATTCAT,8,0
CTGAAGGGTTTGGAGGAACTC,13,0
GGCTGTGTCACTTCGAGCCAGC,6,0
CAAAAATCTCAATTACTTTTGC,8,0
GAAAGCGCTTCCTTTTAGAGGA,10,0
CAACAAGTCACAGCCAGCCTCA,41,0
TAAGCCTTACATATTGACTGA,6,0
TATCACAGTCATGCTAAAGAGC,7,0
CTAGCACACAGATACGCCCAGA,8,0
CAAATTCGTGTCTTGGGGAATA,20,0
TGGAGCTATTGTATTTCACC,6,0
CCTACTCCTCCCATTCC,12,0
GCTGACCCCTAGTCCAGTGCTT,48,0
TGTAATGGCACTGGAAGAATTCAC,17,0
CCTGGACCTTGACTATGAAACA,8,0
TTTGCTTCCAGCTTTTGTCTC,7,0
ATGGTCGAAGTAGGCAAAATC,7,0
TGTCATATGTGTGATGACACTTTCT,9,0
TATGATGCAGATTCTTCATCT,6,0
TCAAATGCTCAGACTCCTTG,12,0
TAAGGCACGCGGTGAATGCTT,6,0
TGAGATCATTATGAAAGCTTTT,7,0
AAAGATACATACGATCTTACA,6,0
TCCTTCTAATGTGTTTTTCG,6,0
AATGGCGCCACTAGGGTTGTG,15,0
CATTCAAGGACTTCTATTCAG,6,0
AGACACATTTGGAGAGGGAACC,8,0
CTCCTATATGATGCCTTTCTTC,36,0
AATCGTGATCAGTATACTTCGTC,6,0
ACCTGGCCAGGCATTCCAACTGT,40,0
CAGTAACAAAGATTCATCCTTGT,8,0
TGATAGACACCATATAAGGTAG,12,0
TTTTGTATGTTGAAGGTGTAT,6,0
AAAGTGCATCCTTTTAGAGTGT,9,0
TTTTCATTGGTTTCTGTGAAAT,6,0
CGCTCTAGGCACCGCAGCA,8,0
CGGTGGAGACCGCGGGTGCGGTG,8,0
ATTGACACTTCTGTGAGTAGA,9,0
TGGCTCAGTTCAGCAG,6,0
TTGGATTGAAGAGAGCTCCC,6,0
TATTCATTTACTCCCCAGCCTA,8,0
AGATAGCATGTGCCGTCCTCTTT,17,0
TTTAGGATAAGCTTGACTTTTG,8,0
TTCAGTCATTGTTTCTAGTAGT,7,0
TACTGCAGACAGTGGCAATCA,9,0
ATACAGACACATGCACACACA,6,0
CAAGCTCGCTTCTATGGGT,7,0
TATGCAAGGGCAAGCTCTCTTC,108,0
AGACATGTGCTCTGCTCCTAG,7,0
ATTCCTAGAAATTGTTCATA,24,0
AACCCTGTAGATCCGAGTTTGA,7,0
AATAATACATGGTTGATCTTT,61,0
TGACAACGAGAGAGAGCACGC,43,0
CATATACATACACACAAACATAT,7,0
CGGGTGGATCACGATGCAATTT,54,0
ATCGCTGCGGTTGCGAGCGCTGT,8,0
ACCCAGCTGCGTAAACCCCGCT,12,0
TTCCCACGCGTTATAGTGAAA,16,0
TTGATCAGAAATGCAGCTTC,6,0
ACGAAGGTCTGCATCATAGC,12,0
GGCGCTTGTTGGAGTACACTT,7,0
TGGATTTCTTTGTGAATCACCA,6,0
GGGCAACTTCTCCTTTGGCAGA,15,0
GCTGGGCAGGGCTTCTGAGCTCCTT,8,0
CCCTGGGCCTCTGCTCCCCAG,6,0
TCGCAGGCGACTACTTATTC,7,0
TATTGCACTTTCCCTGGCCAGA,6,0
CATGGGTATGATACGACCTGGGTT,7,0
CACTTTGCAATTGGAGATTGCT,78,0
CTAGGCGCGACTGAGAGAGCA,12,0
GAAAGCGCTTCTCTTTAGAGG,10,0
TTTCCATAGGTGATGAGTCAC,8,0
TAGCAGCACGTAAATATTGGGT,7,0
GAAGCCAGATGCCGTTCCTGAGAAGG,7,0
TGTCTTGCAGGCCGTCATGCAGG,18,0
ACTAAATGTCAAACATATTCT,6,0
GGAGAAATTATCCTTGGTGTGT,25,0
TGGGGAGGCAGCGCTGTTGGAAT,8,0
GAAGGTAGTGAATTTGTTCGA,19,0
AAACTACTGAAAATCAAAGAT,8,0
GAATCATTATTTGCTGCTTTA,22,0
AAGGCTTTCATTATGATTTTAA,7,0
AATGGAGGCTGATCCAAGATC,24,0
ATTGCACGGTATCCATCTGCG,7,0
CAAGAACCTCAGTTGCTTTTGT,8,0
CATACAAGGGTAATTTCTTTTC,8,0
GGCCACCGAGGATGCGGTC,6,0
TGAGGTTGGTGTACTGTGTGTGA,8,0
ACCTCCTGTGTGCATGGATTA,8,0
GTGTGGCTCTCCTCTGGCATG,16,0
AGGTTGGGATTGGTAGCAATGCT,14,0
ACTCTACAACCTTAGGACTTGC,7,0
TCAGCCACGGCTTACCTGGAAGA,8,0
GTTTGCACGGGTGGGCCTTGTCT,8,0
CGTGTCAGGAGTGCATTTGCA,87,0
GCTGGTAAAAAGGAACCAGATC,22,0
CGGGGCCGTGGCACTGTATGAGA,14,0
GGCTCAGTAGCCAGTGTAGAT,29,0
GTAAGTGTGCCTCGGGTGAGCATG,8,0
TGCATTTGCACCTGCACCTA,9,0
TGGTAAGATTGCTTATAAGCT,6,0
TGTGTTCCAAGGTCACCCCAG,6,0
ACTGTAATGTGGGCACTTACAG,18,0
GCTCACTCTCTATCTGTCAGC,46,0
GGGCATCTTTCTATTGGCAGG,27,0
CAGGCTGGTTAGATGGTTGTCA,21,0
TACTGAGAATGGGTAGCAGTCA,6,0
TGATTGTCCATACGCAGTTCTCA,6,0
AGGGACGGGACGTGGTGCAGTGTT,6,0
TCTCTCTGTTGTGAAGTCAAA,6,0
TCCGGCAAGTTGACCTTGGCT,28,0
TGATCCCATGTTGCTGGCGC,12,0
TATACAAGGGCAAGCTCT,8,0
TTGGTTACCCATATGGCCATC,7,0
TAACGGGAAGTGTGTAAGCACA,26,0
CAACCACCTCCCACAATTTCA,17,0
CAAAGCGCTCCCCTTTAGAGGT,10,0
TGATGTGTGTGTGCATGTACATAT,6,0
GTGAGTGGGGTGGTTGGCATG,7,0
CCTCTAGGGAAGAGAAGGTTGG,8,0
GATATAACCACTGCCAGACTGA,8,0
GCGACCCACTCTTGGTTTCCA,8,0
TGCTCACTTCTCTTTCTGTCATC,6,0
TTATGGTTTGCCTGGGACTGAG,8,0
ATCATAGAGGAAAATCCATGTT,12,0
TCACCAGAATGCTAGTTTGTAG,17,0
TATTGCACTTTTCACAGCCCGA,75,0
AAGGAGTGGCATGTGAACACA,27,0
TTGCAGCTGCCTGGGAGTGACTTC,8,0
ACTTACAGACAAGAGCCTTGCTC,8,0
CAGCGGGTCTTCTTTCTTCTCA,7,0
CAAAACGTGAGGCGCTGCTAT,19,0
TAACGGAACCCATAATGCAGCT,14,0
GGGAGTGCAGGGCAGGGTTTC,9,0
ATGCCTTTTGCTCTGCACTCA,6,0
AAATTCTGCCACAGAAGATAGC,8,0
TATCACAGCCCCGCTTGGAACGCT,7,0
TCTAGGCTGGTACTGCTGA,8,0
TCATAAGCCCACCACATGTGG,6,0
ATACTAAGTACACTACGTTTTC,7,0
TCAATAGATTGGACTATGTAT,6,0
TCCAGTATTGCTGTTCTGCTGT,14,0
TATGACTGATGTGCGTGTGTCTG,12,0
AATCACTAACTCCACTGCCATC,113,0
ATTTGTGCTTGGCTCTGTCAC,8,0
AAGATGTGGAAAAATTGGAATC,8,0
CAGGTCACGTCTCTGCAGTT,24,0
TCCGATAAAGCTTCCCCCTGC,6,0
TTTTTTGCAGAAACGTTTCAGATT,7,0
AGGGTGTTTCTCTCATCTCT,8,0
CTGTATGCCCTAACCGCTCAGT,8,0
CTCATTAAATGTTTGTTGAAT,6,0
TCAGTAAATGTTTATTGGATG,7,0
ATATAGGGATTGAAGCCGTGCA,22,0
TGATGCATGCTACTTGGTTT,7,0
TGGGTTTACGTTGGGAGAACT,8,0
ATGAAAATGTGAAACCTCTCCCGC,7,0
TGGTTATCCCTGTCCTCTTCG,8,0
GTGAGGACTCGGGAGGTGG,8,0
CTTAGCACGTTGTATTATTATT,8,0
GCTCACCCTCTATCTGTCAGT,19,0
GCCCTGTGGACTCAGTTCTGGT,10,0
GGACTGTGAGGTGACTCTTGGT,7,0
TAGCCAAGGACAAACTTGCCGG,24,0
TGAGAGTTCAAAAGATTTAGCAATT,6,0
AGCTGGTGTTGTGAATC,36,0
GAAGCCCTTACCCCAAAAAGT,14,0
CGGTTGGTGGGCGTGATCAGC,6,0
GTCCGCTCGGCGGTGGCCCA,8,0
TGCGTTGGTTTAGCTCAGTGGTT,7,0
AGACTTCCCATTTGAAGGTGGC,8,0
TTTCCTCATATCCATTCAGGAGTGT,8,0
TTAATCTCAGCTGGCAACTGT,10,0
CCTGAAAATACTGAGGCTATG,6,0
GGTGGGAGGTGGGGTGGGCA,7,0
AACCGGCTCGTGGCTCGTACAG,8,0
AGAGGATACCCTTTGTATGTT,8,0
ACTGGACTTGGAGTCAGAAA,8,0
ACTGGATGACGCGGGAGCTAA,25,0
TACGCTCTTACCAGCTAGAAT,7,0
ACCTTTTGTTTCTCTAGCTTTAT,7,0
TGGAAACATTTCTGCACAAACTAG,6,0
GGCTGGGAAGTCAAAGGGACGC,20,0
TGACAGCCCGCTACACCTCT,8,0
TCGCTCTGATACCAAATTGATG,6,0
TCCGCTTCTCAATGCTCCATTTGCAA,6,0
CAGATCAGAAGGTGACTGTGG,9,0
AAGCCTGCCCGGCTCCTCGGG,8,0
GAAAGACATCATGCTGAATAGA,6,0
TGTTCGTCCGTACACTGTTCA,19,0
GAAAGCCACCATGCTGGGTAAA,6,0
TCAGTAAATGTTTATTAGATGA,9,0
TAAGGCACGCGGTGAATGCTGA,6,0
ATGGTTGACCATAGAACATGCG,37,0
AGATATGTTTGGTTAATTGGTGA,6,0
TTCACAGGGAGGTGTCAT,9,0
TGAAAGGTGCCATACTATGTAT,12,0
TATACCTCAGTTTTATCAGGTG,12,0
AAGTCATCAACAAAAAAGTTGAAT,18,0
ACCTAGCCTCTCCTTGGCTTTGTCTGT,7,0
AGGCAGTGTAATGTTAGCTGGT,7,0
AACACTTGGTAATTTGCTCAAACC,6,0
TATGTAATGTGGTCCACGTCT,7,0
TGACAACTATGGATGAGCTCT,8,0
AACAGAGCAGAAACAGAACAT,19,0
CTGGATGGCTCCTCCATGTCT,10,0
AGTGCCTGCTATGTGCCAGGCA,8,0
TATTCAGATTAGTGCCAGTCATG,6,0
TTGGGGACGACATCTTTTGTTG,12,0
ATTGGCACTCCGCTGATTTGGTG,6,0
GTGAGATTCAATTACTCCAACTAC,6,0
TGGGTGGTGATCATATAAGAT,6,0
TAAGTGCTTCCATGTTTGAGTGT,46,0
TCGCACATCAGGCTGAACGACT,8,0
TGCATTTACAACGTGTCTTTAGT,6,0
GGGGGCCGATACACTGTACGAGA,41,0
AACGGTGCATGGACTGGCTAGA,8,0
TGAAACTGTGTGAGGTGGTTTT,17,0
TCACTGGTCTTTCTCTGACGAA,40,0
ATATATACACACACACATAAGAC,8,0
ATAAGACGAACAAAAGGTTTGT,12,0
CAAGTCTTATTTGAGCACCTGTT,8,0
TGGAAGACTGTCGATTTCGTTGT,7,0
GTAGCATCATCAAGATTCAC,16,0
GCTAGTCCTGACTCAGCCAGT,8,0
TCATCTTCATCATCATCGTCA,19,0
TGGAAGACTATTGATTTAGTTGA,7,0
AATGGCTGTCCGTAGTATGGTC,6,0
TGTAACTTGCCAGGGACGGCTGA,8,0
GTGAATTTCCCGATGCCTTAG,7,0
TCAGGTATGATTGACTTCAAA,6,0
GGAATGTCGTCTGGCGCGAGA,18,0
GAAAGCGCTTCCCTTTGCTGGA,9,0
CTGAAGTGATGTGTAACTGATCAG,8,0
TGTTATCTCGGGGAGATCCCGAT,7,0
AATCACTAAATTCACTGCCATC,21,0
CGATCGCACCTTTGGCCGGCCGG,6,0
GTGAAGTATTTGGCGGAACTC,7,0
TACTCAAAAAGCTGTCAGTCA,6,0
TAGCAGGCATGTCTTCATTCC,7,0
TCAGTCTCATCTGCAAAGAGGT,16,0
CACATTATTCAAAACATTGAATCAC,7,0
AGAGAAACCCTGTCTCAAAAAA,7,0
AGGACCTTCCCTGAACCAAGGA,8,0
TTGAAGGAGTTCATTGGTATA,7,0
GACATCGAATCAGACAGTTTA,7,0
AGCTCTGATACCAAATGATGGAAT,6,0
TGGTTCTCTTGTGGCTCAAGCGT,8,0
GGCTAGCAACAGCGCTTACCT,8,0
ACGGACTCGCAGGTGTGCAAG,6,0
AGGTGGGGATTGGTGGCATTAC,55,0
CATGACACTGAAGCGTGTACGGA,20,0
